避難所名,避難所町名,住所,電話番号,最大収容人数,バリアフリー,駐車場,授乳室,ペット可,ユニバーサルデザイン,礼拝室,空調完備,大規模施設
青森北高等学校,油川,青森市大字羽白字富田80-7,,872,,,,,,,,
青森工業高等学校,東陽（南）,青森市大字馬屋尻字清水流204-1,,940,,,,,,,,
青森県身体障がい者福祉センターねむのき会館,横内,青森市大字野尻字今田52-4,,413,,,,,,,,
青森県総合学校教育センター,横内,青森市大字大矢沢字野田80-2,,1388,,,,,,,,
青森県総合社会教育センター,荒川,青森市大字荒川字藤戸119-7,,883,,,,,,,,
盛運輸アリーナ（青森県営スケート場）,浜田,青森市大字浜田字豊田地内,,4366,,,,,,,,
青森高等学校,筒井,青森市桜川八丁目1-2,,786,,,,,,,,
青森高等技術専門校,横内,青森市大字野尻字今田43-1,,502,,,,,,,,
青森公立大学,横内,青森市大字合子沢字山崎153-4,,2487,,,,,,,,
オカでんアリーナ（青森市スポーツ会館）,浪打,青森市合浦一丁目13-1,,880,,,,,,,,
青森市総合福祉センター,浦町,青森市中央三丁目16-1,,172,,,,,,,,
リンクステーションホール青森（青森市文化会館）,橋本,青森市堤町一丁目4-1,,2096,,,,,,,,
リンクモア平安閣市民ホール（青森市民ホール）,篠田,青森市柳川一丁目2-14,,799,,,,,,,,
青森大学,幸畑,青森市幸畑二丁目3-１,,1398,,,,,,,,
青森中央学院大学,横内,青森市大字横内字神田12-1,,1288,,,,,,,,
青森中央高等学校,浜田,青森市東大野一丁目22-1,,1210,,,,,,,,
青森西高等学校,新城,青森市大字新城字平岡266-20,,924,,,,,,,,
青森東高等学校,原別（南）,青森市原別三丁目1-1,,1420,,,,,,,,
青森南高等学校,金沢,青森市西大野二丁目12-40,,1177,,,,,,,,
アピオあおもり,浦町,青森市中央三丁目17-1,,292,,,,,,,,
油川市民センター,油川,青森市大字羽白字池上197-1,,509,,,,,,,,
油川小学校,油川,青森市大字油川字船岡36,,1885,,,,,,,,
油川中学校,油川,青森市大字羽白字沢田471,,469,,,,,,,,
荒川市民センター,荒川,青森市大字荒川字柴田129-1,,439,,,,,,,,
荒川小学校,荒川,青森市大字荒川字柴田92-5,,317,,,,,,,,
荒川中学校,荒川,青森市大字金浜字稲田107,,797,,,,,,,,
荒川小・中学校金浜分教室,荒川,青森市大字金浜字伊吹22-1,,480,,,,,,,,
泉川小学校,泉川,青森市大字浪館字泉川1-1,,611,,,,,,,,
旧後潟小学校,北（北）,青森市大字六枚橋字磯打95,,,,,,,,,,
浜田福祉館,浜田,青森市青葉三丁目8-1,,45,,,,,,,,
莨町小学校,莨町,青森市青柳二丁目7-25,,545,,,,,,,,
戸山中学校,戸山西,青森市赤坂一丁目1-1,,544,,,,,,,,
片岡福祉館,金沢,青森市旭町三丁目7-20,,76,,,,,,,,
浅虫緑地,東陽（北）,青森市大字浅虫字山下368-2外,,,,,,,,,,
旧浅虫小学校（グラウンド）,東陽（北）,青森市大字浅虫字山下132,,,,,,,,,,
軽費老人ホーム和幸園,東陽（南）,青森市大字浅虫字内野48-1,,16,,,,,,,,
南部屋・海扇閣,東陽（北）,青森市大字浅虫字蛍谷31,,,,,,,,,,
ホテル秋田屋,東陽（北）,青森市大字浅虫字蛍谷293-12,,,,,,,,,,
夢宅寺,東陽,青森市大字浅虫字山下208,,,,,,,,,,
ユーサ浅虫,東陽（北）,青森市大字浅虫字蛍谷341-19,,389,,,,,,,,
あすか海岸緑地,北（南）,青森市大字飛鳥字塩越地内,,,,,,,,,,
旧西田沢小学校,北（南）,青森市大字飛鳥字塩越80,,,,,,,,,,
中央市民センター飛鳥分館,北（南）,青森市大字飛鳥字塩越49-53,,,,,,,,,,
青森刑務所,荒川,青森市大字荒川字藤戸88,,217,,,,,,,,
青森県立図書館,荒川,青森市大字荒川字藤戸119-7,,,,,,,,,,
国立療養所松丘保養園,新城,青森市大字石江字平山19,,71,,,,,,,,
中央市民センター石江分館,新城,青森市大字石江字江渡25-1,,101,,,,,,,,
石江東公園,新城,青森市石江一丁目7,,,,,,,,,,
新青森駅前公園,新城,青森市石江二丁目10,,,,,,,,,,
石江南公園,新城,青森市石江三丁目11,,,,,,,,,,
石江西公園,新城,青森市石江五丁目10,,,,,,,,,,
障害者支援施設　幸養苑,原別（南）,青森市大字泉野字野脇46-61,,10,,,,,,,,
中央市民センター岩渡分館,三内西,青森市大字岩渡字熊沢181-2,,,,,,,,,,
牛館ふれあいセンター,荒川,青森市大字牛館字松枝84-3,,54,,,,,,,,
中央市民センター後潟分館,北（北）,青森市大字後潟字平野17-7,,96,,,,,,,,
青い森セントラルパーク,大野,青森市大字浦町字橋本335-20外,,,,,,,,,,
青い森セントラルパーク東広場,大野,青森市大字浦町字奥野102-57-1外,,,,,,,,,,
カクヒログループスーパーアリーナ（青森市総合体育館）,大野,青森市大字浦町字橋本335-17,,2120,,,,,,,,
青い森セントラルパーク西広場,大野,青森市大字大野字長島36-53外,,,,,,,,,,
大野公園,大野,青森市大字大野字若宮76-1外,,,,,,,,,,
大野市民センター,大野,青森市大字大野字若宮71,,294,,,,,,,,
障害者支援施設金浜療護園,荒川,青森市大字大別内字葛野180,,60,,,,,,,,
中央市民センター大矢沢分館,横内,青森市大矢沢字里見35-2,,66,,,,,,,,
造道中学校,造道,青森市岡造道二丁目14-1,,1667,,,,,,,,
中央市民センター岡町分館,油川,青森市大字岡町字松本7-4,,89,,,,,,,,
沖館市民センター,沖館,青森市沖館一丁目1-11,,426,,,,,,,,
国家公務員合同宿舎小浜住宅,沖館,青森市沖館一丁目2-10外,,,,,,,,,,
沖館小学校,沖館,青森市沖館五丁目3-1,,510,,,,,,,,
沖館中学校,沖館,青森市沖館五丁目19-1,,1671,,,,,,,,
特別養護老人ホーム外ヶ浜荘,北,青森市大字奥内字宮田564-2,,43,,,,,,,,
北部地区農村環境改善センター,北（南）,青森市大字奥内字宮田41-3,,315,,,,,,,,
青森藤こども園,堤,青森市奥野三丁目7-2,,54,,,,,,,,
児童養護施設藤聖母園,堤,青森市奥野三丁目7-1,,168,,,,,,,,
高等看護学院,浦町,青森市勝田一丁目16-16,,243,,,,,,,,
浦町中学校,堤,青森市勝田二丁目25-12,,1336,,,,,,,,
合浦公園,浪打,青森市合浦二丁目86外,,,,,,,,,,
午砲台公園,大野,青森市桂木二丁目12,,,,,,,,,,
奥野北公園,大野,青森市桂木三丁目21,,,,,,,,,,
奥野なかよし公園,大野,青森市桂木三丁目12,,,,,,,,,,
甲田小学校,甲田,青森市金沢一丁目6-1,,593,,,,,,,,
甲田中学校,金沢,青森市金沢三丁目11-1,,1464,,,,,,,,
金沢小学校,金沢,青森市金沢四丁目5-1,,426,,,,,,,,
旧浅虫中学校,原別（北）,青森市大字久栗坂字浜田129-5,,,,,,,,,,
特別養護老人ホームかいふう,原別（北）,青森市大字久栗坂字山辺89-10,,65,,,,,,,,
久須志福祉館,千刈,青森市久須志二丁目9-5,,42,,,,,,,,
古川中学校,千刈,青森市久須志二丁目9-1,,1168,,,,,,,,
中央市民センター合子沢分館,横内,青森市大字合子沢字松森93,,,,,,,,,,
幸畑小学校,幸畑,青森市大字幸畑字松元50-2,,350,,,,,,,,
幸畑福祉館,幸畑,青森市幸畑二丁目2-2,,77,,,,,,,,
阿部野北公園,幸畑,青森市幸畑三丁目693,,,,,,,,,,
幸畑中央公園,幸畑,青森市幸畑三丁目983-2外,,,,,,,,,,
中央市民センター小橋分館,北（北）,青森市大字小橋字田川56-5,,,,,,,,,,
青森月見寮,戸山西,青森市大字駒込字月見野918-3,,12,,,,,,,,
桐ノ沢公園,浜館,青森市大字駒込字桐ノ沢3-1,,,,,,,,,,
中央市民センター駒込分館,浜館,青森市大字駒込字見吉159-1,,76,,,,,,,,
特別養護老人ホーム藤の園,戸山西,青森市大字駒込字蛍沢387-1,,63,,,,,,,,
養護老人ホーム藤ホーム,戸山西,青森市大字駒込字蛍沢387-3,,69,,,,,,,,
中央市民センター小柳分館,小柳,青森市小柳三丁目3-5,,63,,,,,,,,
小柳小学校,小柳,青森市小柳四丁目6-1,,641,,,,,,,,
桜川福祉館,筒井,青森市桜川五丁目19-3,,,,,,,,,,
中央市民センター筒井分館,筒井,青森市桜川八丁目1-3,,,,,,,,,,
筒井中学校,筒井,青森市桜川八丁目15-1,,908,,,,,,,,
三内小学校,三内,青森市里見一丁目9-1,,504,,,,,,,,
三内中学校,三内西,青森市大字三内字丸山108-4,,754,,,,,,,,
三内西小学校,三内西,青森市大字三内字丸山86-1,,402,,,,,,,,
西部工業団地公園,三内西,青森市大字三内字丸山394-101,,,,,,,,,,
滝内福祉館,三内,青森市大字三内字稲元122-1,,80,,,,,,,,
中央市民センター三内分館,三内西,青森市大字三内字沢部191-1,,,,,,,,,,
障害者支援施設徳誠園,北（北）,青森市大字四戸橋字磯部243-582,,134,,,,,,,,
篠田福祉館,篠田,青森市篠田二丁目20-25,,50,,,,,,,,
篠田小学校,篠田,青森市篠田三丁目16-2,,362,,,,,,,,
北小学校,北,青森市大字清水字浜元181,,812,,,,,,,,
北中学校,北,青森市大字清水字浜元135-1,,633,,,,,,,,
中央市民センター内真部分館,北,青森市大字清水字浜元45-1,,118,,,,,,,,
自由ヶ丘西公園,小柳,青森市自由ヶ丘一丁目4,,,,,,,,,,
自由ヶ丘中央公園,小柳,青森市自由ヶ丘二丁目11,,,,,,,,,,
あいす,新城中央,青森市大字新城字平岡102,,20,,,,,,,,
くりぃむ,新城中央,青森市大字新城字平岡102-2,,37,,,,,,,,
新城小学校,新城,青森市大字新城字平岡266-14,,705,,,,,,,,
新城中央小学校,新城中央,青森市大字新城字平岡141-1,,506,,,,,,,,
新城中学校,新城中央,青森市大字新城字平岡160,,988,,,,,,,,
西部市民センター,新城中央,青森市大字新城字平岡163-22,,650,,,,,,,,
中央市民センター白旗野分館,新城中央,青森市大字新城字山田270-1,,,,,,,,,,
特別養護老人ホーム鶴ヶ丘苑,新城中央,青森市大字新城字平岡746,,108,,,,,,,,
東希望公園,新城中央,青森市大字新城字山田339-74,,,,,,,,,,
駅前公園,古川,青森市新町一丁目2-42外,,,,,,,,,,
ホテルサンルート青森　東館,古川,青森市新町一丁目9-8,,,,,,,,,,
中央市民センター瀬戸子分館,北（南）,青森市大字瀬戸子字磯田25,,39,,,,,,,,
千刈小学校,千刈,青森市千刈一丁目10-20,,748,,,,,,,,
介護医療院カトレア,高田,青森市大字高田字川瀬110-１,,125,,,,,,,,
高田教育福祉センター,高田,青森市大字高田字日野229-1,,170,,,,,,,,
高田小学校,高田,青森市大字高田字川瀬200-5,,272,,,,,,,,
特別養護老人ホーム寿幸園,高田,青森市大字高田字川瀬186,,76,,,,,,,,
中央市民センター田茂木野分館,幸畑,青森市大字田茂木野字阿部野77,,,,,,,,,,
特別養護老人ホーム正寿園,幸畑,青森市大字田茂木野字阿部野63-2,,74,,,,,,,,
浜館小学校,浜館,青森市大字田屋敷字下り松17,,436,,,,,,,,
合浦小学校,合浦,青森市茶屋町32-17,,429,,,,,,,,
茶屋町公園,合浦,青森市茶屋町32-21,,,,,,,,,,
浦町小学校,浦町,青森市中央二丁目17-13,,446,,,,,,,,
県民福祉プラザ,浦町,青森市中央三丁目20-30,,358,,,,,,,,
佃福祉館,浪打,青森市佃一丁目3-21,,,,,,,,,,
佃小学校,佃,青森市佃二丁目6-1,,894,,,,,,,,
造道小学校,造道,青森市造道三丁目4-16,,735,,,,,,,,
京王台公園,筒井南,青森市大字筒井字八ッ橋973外,,,,,,,,,,
中央市民センター中筒井分館,筒井南,青森市大字筒井字桜川87-4,,81,,,,,,,,
八ッ橋ニュータウン中央公園,筒井南,青森市大字筒井字八ッ橋53-4外,,,,,,,,,,
筒井小学校,筒井,青森市筒井一丁目1-1,,414,,,,,,,,
中央市民センター鶴ヶ坂分館,新城中央,青森市大字鶴ヶ坂字田川148-2,,83,,,,,,,,
特別養護老人ホームつるがさか,新城中央,青森市大字鶴ヶ坂字田川187-94,,19,,,,,,,,
青森市文化財資料等収蔵庫（旧戸門小学校）,新城中央,青森市大字戸門字山部99-1,,,,,,,,,,
中央市民センター戸門分館,新城中央,青森市大字戸門字山部106-3,,96,,,,,,,,
中央市民センター相野分館,篠田,青森市富田二丁目14-12,,68,,,,,,,,
中央市民センター西滝分館,篠田,青森市富田二丁目3-33,,,,,,,,,,
青森商業高等学校,浜館,青森市戸山字安原7-1,,1100,,,,,,,,
中央市民センター戸山分館,浜館,青森市大字戸山字赤坂15-5,,,,,,,,,,
青い森公園,長島,青森市長島一丁目2,,,,,,,,,,
佃中学校,佃,青森市中佃二丁目7-1,,808,,,,,,,,
中央市民センター浪館分館,浪館,青森市大字浪館字平岡66-1,,104,,,,,,,,
浪館福祉館,泉川,青森市大字浪館字志田36,,,,,,,,,,
西中学校,泉川,青森市大字浪館字志田36,,811,,,,,,,,
浪館小学校,浪館,青森市浪館前田三丁目23-1,,541,,,,,,,,
障害者支援施設こぶし園,泉川,青森市西大野五丁目24-11,,53,,,,,,,,
虹ヶ丘公園,浜館,青森市虹ヶ丘一丁目9,,,,,,,,,,
障害者支援施設津麦園,北（南）,青森市大字西田沢字浜田379,,83,,,,,,,,
中央市民センター西田沢分館,北（南）,青森市大字西田沢字浜田105,,106,,,,,,,,
野木ふるさと館,荒川,青森市大字野木字山口140-2,,98,,,,,,,,
青森市小牧野遺跡保護センター「縄文の学び舎・小牧野館」（旧野沢小学校）,荒川,青森市大字野沢字沢部108-3,,242,,,,,,,,
横内小学校,横内,青森市大字野尻字野田60,,375,,,,,,,,
橋本公園,浦町,青森市橋本三丁目22,,,,,,,,,,
介護老人保健施設　青照苑,油川,青森市大字羽白字野木和45,,53,,,,,,,,
野木和公園,油川,青森市大字羽白字野木和58-2,,,,,,,,,,
花園町公園,浪打,青森市花園二丁目12,,,,,,,,,,
浜田ニュータウン西公園,浜田,青森市浜田一丁目11,,,,,,,,,,
浜田ニュータウン東公園,浜田,青森市浜田二丁目22-1,,,,,,,,,,
浜田中央公園,浜田,青森市浜田三丁目2-1,,,,,,,,,,
県立保健大学,浜館,青森市大字浜館字間瀬58-1,,774,,,,,,,,
国家公務員合同宿舎磯野住宅,造道,青森市はまなす一丁目2-1外,,,,,,,,,,
大野小学校,大野,青森市東大野一丁目3-1,,637,,,,,,,,
東大野公園,浜田,青森市東大野一丁目14,,,,,,,,,,
国家公務員合同宿舎造道住宅,造道,青森市東造道一丁目5-1,,,,,,,,,,
中央市民センター左堰分館,北（北）,青森市大字左堰字野田35,,50,,,,,,,,
青森市埋蔵文化財資料整理作業場（旧栄山小学校）,泉川,青森市大字細越字栄山595,,,,,,,,,,
中央市民センター細越分館,泉川,青森市大字細越字栄山469-6,,,,,,,,,,
戸山西小学校,戸山西,青森市蛍沢三丁目1-1,,600,,,,,,,,
戸山市民センター,戸山西,青森市蛍沢四丁目1-4,,376,,,,,,,,
福祉増進センター,橋本,青森市本町四丁目1-3,,301,,,,,,,,
孫内農村センター,新城中央,青森市大字孫内字北原140-1,,96,,,,,,,,
勤労青少年ホーム,堤,青森市松原一丁目6-3,,,,,,,,,,
中央市民センター,堤,青森市松原一丁目6-15,,719,,,,,,,,
堤小学校,堤,青森市松原二丁目4-4,,513,,,,,,,,
中央市民センター松森分館,佃,青森市松森三丁目20-14,,,,,,,,,,
奥野西公園,大野,青森市緑一丁目10,,,,,,,,,,
南中学校,大野,青森市緑二丁目6-1,,1280,,,,,,,,
市営住宅合浦団地,合浦,青森市港町三丁目11-5,,,,,,,,,,
新青森県総合運動公園,東陽（南）,青森市大字宮田字高瀬地内,,,,,,,,,,
東陽小学校,東陽（南）,青森市大字宮田字玉水181-1,,524,,,,,,,,
マエダアリーナ（新青森県総合運動公園総合体育館）,東陽（南）,青森市大字宮田字高瀬22-2,,5845,,,,,,,,
特別養護老人ホーム雲谷ホーム,横内,青森市大字雲谷字山吹92-170,,57,,,,,,,,
青森県総合運動公園,泉川,青森市大字安田字近野234-7外,,,,,,,,,,
中央市民センター安田分館,泉川,青森市大字安田字近野370-4,,107,,,,,,,,
特別養護老人ホーム和幸園,東陽（南）,青森市大字矢田字下野尻48-3,,136,,,,,,,,
介護老人保健施設青森ナーシングライフ,原別（南）,青森市大字矢田前字弥生田47-2,,4,,,,,,,,
東中学校,原別（南）,青森市大字八幡林字熊谷28,,900,,,,,,,,
障害児入所施設八甲学園,横内,青森市大字横内字桜峰63-1,,15,,,,,,,,
特別養護老人ホーム三思園,横内,青森市大字横内字若草1-1,,13,,,,,,,,
特別養護老人ホーム朝光苑,横内,青森市大字横内字亀井245-1,,39,,,,,,,,
青森中央学院大学（総合グラウンド・サブグラウンド）,横内,青森市大字横内字神田12-1,,,,,,,,,,
横内市民センター,横内,青森市大字横内字亀井28-2,,433,,,,,,,,
ベイタウン沖館公園,沖館,青森市沖館一丁目1-132,,,,,,,,,,
橋本小学校,橋本,青森市橋本一丁目9-17,,923,,,,,,,,
青森少年鑑別所,甲田,青森市金沢一丁目5-38,,27,,,,,,,,
戸山西公園,戸山西,青森市蛍沢三丁目17-18,,,,,,,,,,
戸山中央公園,戸山西,青森市蛍沢四丁目48-188,,,,,,,,,,
戸山南公園,戸山西,青森市蛍沢四丁目48-26外,,,,,,,,,,
原別小学校,原別（南）,青森市大字原別字袖崎8,,562,,,,,,,,
東部市民センター,原別（南）,青森市原別三丁目8-1,,340,,,,,,,,
古川市民センター,古川,青森市古川三丁目7-14,,126,,,,,,,,
古川小学校,古川,青森市古川三丁目7-14,,430,,,,,,,,
幸畑西公園,横内,青森市幸畑一丁目907-1外,,,,,,,,,,
幸畑ひばりヶ丘公園,幸畑,青森市幸畑四丁目228-95,,,,,,,,,,
ジャムフレンドクラブ青森,莨町,青森市港町二丁目10-23,,,,,,,,,,
介護老人保健施設みちのく青海荘,合浦,青森市港町三丁目6-3,,72,,,,,,,,
太陽台市民館,高田,青森市大字高田字朝日山809-334,,38,,,,,,,,
浪打中学校,浪打,青森市合浦一丁目11-10,,627,,,,,,,,
桜川八甲緑地,堤,青森市桜川一丁目1,,,,,,,,,,
桜川中央公園,筒井,青森市桜川四丁目1296,,,,,,,,,,
みよし西公園,新城,青森市三好一丁目14,,,,,,,,,,
みよし東公園,新城,青森市三好一丁目4,,,,,,,,,,
マルハン三好店,新城,青森市三好二丁目2-4外,,,,,,,,,,
横内中学校,横内,青森市大字四ツ石字里見64-6,,422,,,,,,,,
青森市農業振興センター,北,青森市大字四戸橋字磯部243-319,,,,,,,,,,
１号遊歩道緑地,浦町,青森市勝田一丁目～花園二丁目地内,,,,,,,,,,
浦町公園,浦町,青森市勝田一丁目6,,,,,,,,,,
勝田公園,堤,青森市勝田二丁目10,,,,,,,,,,
地域密着型特別養護老人ホーム　勝田三思園,堤,青森市勝田二丁目20-12,,49,,,,,,,,
平和公園,堤,青森市勝田二丁目369-1外,,,,,,,,,,
居宅介護支援事業所ふれあい,小柳,青森市小柳一丁目17-18,,8,,,,,,,,
グループホームふれあい,小柳,青森市小柳一丁目17-17,,21,,,,,,,,
デイサービスセンターふれあい,小柳,青森市小柳一丁目17-18,,20,,,,,,,,
小柳緑地,小柳,青森市小柳四丁目132-1外,,,,,,,,,,
ほろがけ福祉館,小柳,青森市小柳六丁目2-7,,106,,,,,,,,
北斗高等学校,堤,青森市松原二丁目1-24,,431,,,,,,,,
松原公園,堤,青森市松原三丁目151-15,,,,,,,,,,
緑ヶ丘東公園,新城中央,青森市大字新城字平岡109-421外,,,,,,,,,,
山田児童遊園,新城中央,青森市大字新城字山田665-84,,,,,,,,,,
ダイナム青森西店,油川,青森市新田三丁目118-1,,,,,,,,,,
鳴滝南公園,泉川,青森市西大野二丁目2,,,,,,,,,,
大野中央公園,金沢,青森市西大野三丁目12,,,,,,,,,,
今井公園,金沢,青森市西大野五丁目13,,,,,,,,,,
特別養護老人ホーム大野和幸園,金沢,青森市西大野五丁目16-10,,23,,,,,,,,
戸山中央緑地,戸山西,青森市赤坂一丁目268-180外,,,,,,,,,,
戸山東公園,戸山西,青森市赤坂一丁目59-65,,,,,,,,,,
戸山北公園,戸山西,青森市赤坂二丁目78-263,,,,,,,,,,
２号遊歩道緑地,造道,青森市造道三丁目～大字泉野字野脇地内,,,,,,,,,,
造道福祉館,造道,青森市造道三丁目12-3,,,,,,,,,,
鳴滝公園,泉川,青森市大字大野字鳴滝64-57外,,,,,,,,,,
八ツ役北公園,浜田,青森市第二問屋町三丁目1-44外,,,,,,,,,,
中央西公園,浦町,青森市中央二丁目17-14,,,,,,,,,,
サービス付き高齢者向け住宅　和幸セントラルハウス,浦町,青森市中央三丁目20-10,,35,,,,,,,,
和幸保育園,長島,青森市長島二丁目1-12,,81,,,,,,,,
長島小学校,長島,青森市長島三丁目8-1,,452,,,,,,,,
つくだウェザーパーク,佃,青森市佃二丁目155-16,,,,,,,,,,
ホテル青森,橋本,青森市堤町一丁目1-23,,,,,,,,,,
筒井南小学校,筒井南,青森市大字筒井字八ッ橋46-1,,564,,,,,,,,
野沢小学校入内分校跡地,荒川,青森市大字入内字駒田18-1,,,,,,,,,,
養護老人ホーム安生園,浜館,青森市大字浜館字間瀬85-1,,6,,,,,,,,
はまだて公園,浜館,青森市浜館二丁目9-1外,,,,,,,,,,
えのき公園,浜館,青森市浜館四丁目4,,,,,,,,,,
浜田小学校,浜田,青森市大字浜田字豊田36-2,,601,,,,,,,,
マルハン浜田店,浜田,青森市浜田字玉川223-1外,,,,,,,,,,
北金沢公園,古川,青森市北金沢二丁目157-5外,,,,,,,,,,
本町公園,橋本,青森市本町一丁目1-18外,,,,,,,,,,
アートホテル青森,長島,青森市本町二丁目1-26,,,,,,,,,,
青森グリーンパークホテル・アネックス,橋本,青森市本町二丁目5-18,,,,,,,,,,
アップルパレス青森,橋本,青森市本町五丁目1-5,,,,,,,,,,
青森市はまなす会館,横内,青森市問屋町一丁目10-10,,412,,,,,,,,
野内小学校,野内,青森市大字野内字菊川155,,392,,,,,,,,
野木中央公園,荒川,青森市大字野木字山口15-8外,,,,,,,,,,
老人保健施設すずかけの里,浪館,青森市里見二丁目13-1,,336,,,,,,,,
奥野中央公園,浜田,青森市緑二丁目17-1,,,,,,,,,,
浪打小学校,浪打,青森市浪打一丁目4-1,,1080,,,,,,,,
青森明の星短期大学,浪打,青森市浪打二丁目6-32,,507,,,,,,,,
王余魚沢児童館,浪岡南,青森市浪岡大字王余魚沢字北村元29,,,,,,,,,,
王余魚沢小学校跡地,浪岡南,青森市浪岡大字王余魚沢字王余魚沢1,,,,,,,,,,
北中野農村公園,浪岡南,青森市浪岡大字北中野字北畠195,,,,,,,,,,
浪岡北中野公民館,浪岡南,青森市浪岡大字北中野字天王27-7,,,,,,,,,,
浪岡南小学校,浪岡南,青森市浪岡大字北中野字北畠3,,472,,,,,,,,
銀農村センター,女鹿沢,青森市浪岡大字銀字杉田151,,89,,,,,,,,
郷山前農村公園,浪岡野沢,青森市浪岡大字郷山前字上野30-1,,,,,,,,,,
郷山前農村センター,浪岡野沢,青森市浪岡大字郷山前字上野62-5,,94,,,,,,,,
五本松農村センター,浪岡北,青森市浪岡大字五本松字羽黒平40-1,,121,,,,,,,,
美人川公園,浪岡北,青森市浪岡大字五本松字羽黒平9-2,,,,,,,,,,
下石川ふれあいセンター,浪岡野沢,青森市浪岡大字下石川字岡田143-1,,70,,,,,,,,
浪岡女鹿沢公民館,女鹿沢,青森市浪岡大字下十川字宮本36-1,,193,,,,,,,,
女鹿沢小学校,女鹿沢,青森市浪岡大字下十川字扇田19-2,,412,,,,,,,,
旧大栄小学校,大栄,青森市浪岡大字大釈迦字前田5-2,,281,,,,,,,,
大釈迦駅前会館,大栄,青森市浪岡大字大釈迦字前田78-8,,,,,,,,,,
大釈迦駅前広場,大栄,青森市浪岡大字大釈迦字前田55-20、21,,,,,,,,,,
杉高児童館,浪岡北,青森市浪岡大字高屋敷字後田32-1,,236,,,,,,,,
浪岡大杉公民館,浪岡北,青森市浪岡大字高屋敷字安田29-2,,,,,,,,,,
障害者支援施設りんどう苑,浪岡野沢,青森市浪岡大字樽沢字上野74-1,,20,,,,,,,,
特別養護老人ホームゆうゆう荘,浪岡野沢,青森市浪岡大字樽沢字村元330-7,,16,,,,,,,,
浪岡野沢公民館,浪岡野沢,青森市浪岡大字樽沢字村元313-4,,,,,,,,,,
野沢公園,浪岡野沢,青森市浪岡大字樽沢字村元382-11,,,,,,,,,,
徳長農村センター,大栄,青森市浪岡大字徳才子字福田4-1,,68,,,,,,,,
中世の館,浪岡北,青森市浪岡大字浪岡字岡田43,,194,,,,,,,,
浪岡高等学校,浪岡南,青森市浪岡大字浪岡字稲村101-2,,1137,,,,,,,,
浪岡総合公園,浪岡南,青森市浪岡大字浪岡字稲盛6,,,,,,,,,,
浪岡体育館,浪岡南,青森市浪岡大字浪岡字稲盛93,,628,,,,,,,,
浪岡茶屋町会館,浪岡北,青森市浪岡大字浪岡字林本79-2,,90,,,,,,,,
浪岡中央公民館,浪岡南,青森市浪岡大字浪岡字稲村101-1,,278,,,,,,,,
浪岡中学校,浪岡南,青森市浪岡大字浪岡字稲盛1,,554,,,,,,,,
平川児童館,浪岡北,青森市浪岡大字浪岡字平野174-3,,,,,,,,,,
平川児童公園,浪岡北,青森市浪岡大字浪岡字平野202-2,,,,,,,,,,
緑道公園,浪岡南,青森市浪岡大字浪岡字細田131-4外,,,,,,,,,,
なごやかプラザ福田,浪岡北,青森市浪岡福田二丁目4-3,,84,,,,,,,,
浪岡細野山の家,浪岡南,青森市浪岡大字細野字沢井37-3,,165,,,,,,,,
本郷農村公園,本郷,青森市浪岡大字本郷字岸田17,,,,,,,,,,
増館農村センター,女鹿沢,青森市浪岡大字増館字富岡140-2,,66,,,,,,,,
西山公園,女鹿沢,青森市浪岡大字女鹿沢字野尻14-142,,,,,,,,,,
花岡公園,女鹿沢,青森市浪岡大字女鹿沢字野尻28-3,,,,,,,,,,
女鹿沢児童公園,女鹿沢,青森市浪岡大字女鹿沢字東富田57-3,,,,,,,,,,
浪岡野沢小学校,浪岡野沢,青森市浪岡大字吉野田字平野51-2,,464,,,,,,,,
吉野田児童館,浪岡野沢,青森市浪岡大字吉野田字木戸口10-1,,,,,,,,,,
吉野田農村センター,浪岡野沢,青森市浪岡大字吉野田字木戸口10-1,,115,,,,,,,,
大杉公園,浪岡北,青森市浪岡大字高屋敷字安田35-1,,,,,,,,,,
杉沢農村公園,浪岡北,青森市浪岡大字高屋敷字後田32-1,,,,,,,,,,
健康の森花岡プラザ,女鹿沢,青森市浪岡大字女鹿沢字野尻14-1,,139,,,,,,,,
ダイナム青森浪岡店,女鹿沢,青森市浪岡大字女鹿沢字西花岡86-4,,,,,,,,,,
花岡集会所,女鹿沢,青森市浪岡大字女鹿沢字野尻14-1,,,,,,,,,,
花岡農村環境改善センター,女鹿沢,青森市浪岡大字女鹿沢字野尻14-1,,228,,,,,,,,
女鹿沢児童館,女鹿沢,青森市浪岡大字女鹿沢字東富田57-2,,,,,,,,,,
女鹿沢農村センター,女鹿沢,青森市浪岡大字女鹿沢字西花岡35,,,,,,,,,,
浪岡本郷公民館,本郷,青森市浪岡大字本郷字岸田21-5,,,,,,,,,,
本郷小学校,本郷,青森市浪岡大字本郷字一本柳4,,344,,,,,,,,
浪岡北小学校,浪岡北,青森市浪岡大字浪岡字淋城29,,501,,,,,,,,
